<?xml version='1.0' encoding='UTF-8'?>
    <inventory format-version="1.0">
        <templates>            
            <template>
                <id>80d82400-6d28-443b-9122-224d2c1c458f</id>
                <revisionId>80d82400-6d28-443b-9122-224d2c1c458f</revisionId>
                <name>Linux</name>
                <description></description>
                <isTemplate>true</isTemplate>                
                <type>DEVICE</type>
                <interfaceType>CONFIGURABLE</interfaceType>
                <utilizationType>SHARED</utilizationType>
                <properties>
                    <property>
                        <name>SSH_Username</name>
                        <description>Enter the ssh user name. This user must be able to sudo without prompting for password (NOPASSWD setting enabled)</description>
                        <datatype>STRING</datatype>
                        <widgetType>TEXT_FIELD</widgetType>
                        <required>false</required>
                        <group>e69a5c28-807b-4ac2-a238-7a5668952aea</group>
                        <seqNo>1</seqNo>
                        <encrypted>false</encrypted>
                    </property>
                    <property>
                        <name>SSH_Password</name>
                        <description>Enter the ssh user's password</description>
                        <datatype>STRING</datatype>
                        <widgetType>PASSWORD_FIELD</widgetType>
                        <required>false</required>
                        <group>e69a5c28-807b-4ac2-a238-7a5668952aea</group>
                        <seqNo>2</seqNo>
                        <encrypted>false</encrypted>
                    </property>
                    <property>
                        <name>Kernel_Release</name>
                        <description>Kernel release will be discovered by the Linux Ansible driver</description>
                        <datatype>STRING</datatype>
                        <widgetType>TEXT_FIELD</widgetType>
                        <required>false</required>
                        <group>e69a5c28-807b-4ac2-a238-7a5668952aea</group>
                        <seqNo>3</seqNo>
                        <encrypted>false</encrypted>
                    </property>
                    <property>
                        <name>Curl_Version</name>
                        <description>Curl release will be discovered by the Linux Ansible driver</description>
                        <datatype>STRING</datatype>
                        <widgetType>TEXT_FIELD</widgetType>
                        <required>false</required>
                        <group>e69a5c28-807b-4ac2-a238-7a5668952aea</group>
                        <seqNo>4</seqNo>
                        <encrypted>false</encrypted>
                    </property>
                    <property>
                        <name>velocityURL</name>
                        <description>In case the driver should notify an admin of a change in this host, enter the URL of the Velocity REST API.</description>
                        <datatype>STRING</datatype>
                        <widgetType>TEXT_FIELD</widgetType>
                        <value>https://velocity701a-cal-lab.spirenteng.com/velocity/api</value>
                        <required>false</required>
                        <group>e69a5c28-807b-4ac2-a238-7a5668952aea</group>
                        <seqNo>5</seqNo>
                        <encrypted>false</encrypted>
                    </property>
                    <property>
                        <name>velocityAdminUser</name>
                        <description>In case the driver should notify an admin of a change in this host, enter the Velocity admin to notify</description>
                        <datatype>STRING</datatype>
                        <widgetType>TEXT_FIELD</widgetType>
                        <required>false</required>
                        <group>e69a5c28-807b-4ac2-a238-7a5668952aea</group>
                        <seqNo>6</seqNo>
                        <encrypted>false</encrypted>
                    </property>
                    <property>
                        <name>velocityAdminPwd</name>
                        <description>In case the driver should notify an admin of a change in this host, enter Velocity admin password</description>
                        <datatype>STRING</datatype>
                        <widgetType>PASSWORD_FIELD</widgetType>
                        <required>false</required>
                        <group>e69a5c28-807b-4ac2-a238-7a5668952aea</group>
                        <seqNo>7</seqNo>
                        <encrypted>false</encrypted>
                    </property>
                </properties>
                <propertyGroups>
                    <propertyGroup>
                        <id>e69a5c28-807b-4ac2-a238-7a5668952aea</id>
                        <name>Linux</name>
                        <seqNo>1</seqNo>
                        <isHidden>false</isHidden>
                    </propertyGroup>
                </propertyGroups>
                <icon/>
            </template>           
        </templates>
    </inventory>
