<?xml version='1.0' encoding='UTF-8'?>
<inventory format-version="1.0">
    <templates><template>
            <id>81d36518-e11b-4a06-9d79-6bbf9f21f568</id>
            <revisionId>81d36518-e11b-4a06-9d79-6bbf9f21f568</revisionId>
            <name>Emulated L2 Switch</name>
            <description></description>
            <isTemplate>true</isTemplate>
            <driverId>0e9d7d12-93cf-4d9b-bbda-9f8542010b0e</driverId>
            <type>DEVICE</type>
            <interfaceType>LAYER2_SWITCH</interfaceType>
            <utilizationType>SHARED</utilizationType>
            <reservationTime>IMMEDIATE</reservationTime>
            <isCustomReservationTime>false</isCustomReservationTime>
            <icon />
            <defaultImageAttach />
            <defaultConfigAttach />
        </template><template>
            <id>a5266606-f35b-482b-8c3f-a4317c1ccbb9</id>
            <revisionId>a5266606-f35b-482b-8c3f-a4317c1ccbb9</revisionId>
            <name>Network Port</name>
            <description></description>
            <isTemplate>true</isTemplate>
            <type>PORT</type>
            <interfaceType>NONE</interfaceType>
            <utilizationType>EXCLUSIVE</utilizationType>
            <reservationTime>IMMEDIATE</reservationTime>
            <isCustomReservationTime>false</isCustomReservationTime>
            <properties>
                <property>
                    <name>portNumber</name>
                    <description>System port number. Example: 1.1.1</description>
                    <datatype>STRING</datatype>
                    <widgetType>TEXT_FIELD</widgetType>
                    <required>true</required>
                    <group>b9f8b7d1-fdaa-4654-a72d-cbb07b60581e</group>
                    <seqNo>1</seqNo>
                    <encrypted>false</encrypted>
                </property>
                <property>
                    <name>Port Type</name>
                    <description>Example: Ethernet, Fast Ethernet, Copper..., etc</description>
                    <datatype>STRING</datatype>
                    <widgetType>TEXT_FIELD</widgetType>
                    <value>Ethernet</value>
                    <required>false</required>
                    <group>b9f8b7d1-fdaa-4654-a72d-cbb07b60581e</group>
                    <seqNo>2</seqNo>
                    <encrypted>false</encrypted>
                </property>
                <property>
                    <name>Port Speed</name>
                    <description>Unit of Measure: Mbps</description>
                    <datatype>INTEGER</datatype>
                    <widgetType>INTEGER_FIELD</widgetType>
                    <value>1000</value>
                    <required>false</required>
                    <group>b9f8b7d1-fdaa-4654-a72d-cbb07b60581e</group>
                    <seqNo>4</seqNo>
                    <encrypted>false</encrypted>
                </property>
            </properties>
            <propertyGroups>
                <propertyGroup>
                    <id>b9f8b7d1-fdaa-4654-a72d-cbb07b60581e</id>
                    <name>System Identification</name>
                    <seqNo>1</seqNo>
                    <isHidden>false</isHidden>
                </propertyGroup>
            </propertyGroups>
            <icon />
            <defaultImageAttach />
            <defaultConfigAttach />
        </template><template>
            <id>5a4a34b1-91ea-40cc-82bd-8f975603b3e0</id>
            <revisionId>5a4a34b1-91ea-40cc-82bd-8f975603b3e0</revisionId>
            <name>Orchestrated Nested Example</name>
            <description>Example template for a nested Velocity orchestrated resource</description>
            <isTemplate>true</isTemplate>
            <driverId>a989a350-e37e-4e26-a022-5ccd40cc3c69</driverId>
            <l2SwitchId>b68c3d0f-dff1-4f56-9e4a-0b55c8ffce8b</l2SwitchId>
            <type>DEVICE</type>
            <interfaceType>ORCHESTRATION</interfaceType>
            <utilizationType>EXCLUSIVE</utilizationType>
            <reservationTime>IMMEDIATE</reservationTime>
            <isCustomReservationTime>false</isCustomReservationTime>
            <properties>
                <property>
                    <name>property_toDriver</name>
                    <description>This property value can be passed to the orchestration driver if it's included in the manifest.xml file</description>
                    <datatype>STRING</datatype>
                    <widgetType>TEXT_FIELD</widgetType>
                    <value>foo</value>
                    <required>false</required>
                    <group>1db75e9e-251f-40d9-9cad-d010b41cfc85</group>
                    <seqNo>1</seqNo>
                    <encrypted>false</encrypted>
                </property>
                <property>
                    <name>property_fromDriver</name>
                    <description>Orchestrated resources can return this property value upon initialization</description>
                    <datatype>STRING</datatype>
                    <widgetType>TEXT_FIELD</widgetType>
                    <required>false</required>
                    <group>1db75e9e-251f-40d9-9cad-d010b41cfc85</group>
                    <seqNo>2</seqNo>
                    <encrypted>false</encrypted>
                </property>
                <property>
                    <name>ipAddress</name>
                    <description>IPv4 address</description>
                    <datatype>STRING</datatype>
                    <widgetType>TEXT_FIELD</widgetType>
                    <value>null</value>
                    <required>false</required>
                    <group>1db75e9e-251f-40d9-9cad-d010b41cfc85</group>
                    <seqNo>3</seqNo>
                    <encrypted>false</encrypted>
                </property>
            </properties>
            <propertyGroups>
                <propertyGroup>
                    <id>1db75e9e-251f-40d9-9cad-d010b41cfc85</id>
                    <name>Group 1</name>
                    <seqNo>1</seqNo>
                    <isHidden>false</isHidden>
                </propertyGroup>
            </propertyGroups>
            <icon />
            <defaultImageAttach />
            <defaultConfigAttach />
        </template><template>
            <id>ba1cfd2c-41b1-4769-b9f6-a0421517109b</id>
            <revisionId>ba1cfd2c-41b1-4769-b9f6-a0421517109b</revisionId>
            <name>Orchestrated Nesting Example</name>
            <description>Example template for a nesting Velocity orchestrated resource</description>
            <isTemplate>true</isTemplate>
            <driverId>a989a350-e37e-4e26-a022-5ccd40cc3c69</driverId>
            <l2SwitchId>b68c3d0f-dff1-4f56-9e4a-0b55c8ffce8b</l2SwitchId>
            <type>DEVICE</type>
            <interfaceType>ORCHESTRATION</interfaceType>
            <utilizationType>EXCLUSIVE</utilizationType>
            <reservationTime>IMMEDIATE</reservationTime>
            <isCustomReservationTime>false</isCustomReservationTime>
            <properties>
                <property>
                    <name>property_toDriver</name>
                    <description>This property value can be passed to the orchestration driver if it's included in the manifest.xml file</description>
                    <datatype>STRING</datatype>
                    <widgetType>TEXT_FIELD</widgetType>
                    <value>foo</value>
                    <required>false</required>
                    <group>81c1ff36-1565-496e-8683-9adc6b96152d</group>
                    <seqNo>1</seqNo>
                    <encrypted>false</encrypted>
                </property>
                <property>
                    <name>property_fromDriver</name>
                    <description>Orchestrated resources can return this property value upon initialization</description>
                    <datatype>STRING</datatype>
                    <widgetType>TEXT_FIELD</widgetType>
                    <required>false</required>
                    <group>81c1ff36-1565-496e-8683-9adc6b96152d</group>
                    <seqNo>2</seqNo>
                    <encrypted>false</encrypted>
                </property>
                <property>
                    <name>ipAddress</name>
                    <description>IPv4 address</description>
                    <datatype>STRING</datatype>
                    <widgetType>TEXT_FIELD</widgetType>
                    <value>null</value>
                    <required>false</required>
                    <group>81c1ff36-1565-496e-8683-9adc6b96152d</group>
                    <seqNo>3</seqNo>
                    <encrypted>false</encrypted>
                </property>
            </properties>
            <propertyGroups>
                <propertyGroup>
                    <id>81c1ff36-1565-496e-8683-9adc6b96152d</id>
                    <name>Group 1</name>
                    <seqNo>1</seqNo>
                    <isHidden>false</isHidden>
                </propertyGroup>
            </propertyGroups>
            <icon />
            <defaultImageAttach />
            <defaultConfigAttach />
            <nestedTemplates>
                <nestedTemplate>
                    <id>5a4a34b1-91ea-40cc-82bd-8f975603b3e0</id>
                </nestedTemplate>
            </nestedTemplates>
        </template></templates>
    <orchestratedResources>
        <orchestratedResource>
            <id>9df6af14-11d3-47f6-ac14-dba738731382</id>
            <type>DEVICE</type>
            <name>Orchestration Example 1</name>
            <description>Example that demonstrates how a resource can be created and destroyed upon topology activation and termination</description>
            <role>S2_ORCHESTRATED</role>
            <referencedTemplateId>ba1cfd2c-41b1-4769-b9f6-a0421517109b</referencedTemplateId>
            <visibility>PUBLIC</visibility>
            <resourceGroup>
                <name>Group1</name>
            </resourceGroup>
            <icon />
        </orchestratedResource>
        <orchestratedResource>
            <id>a07d5084-abe0-4d73-9ec2-3acddd9e2041</id>
            <type>DEVICE</type>
            <name>Orchestration Example 2</name>
            <description>Example that demonstrates how a resource and its port can be created and destroyed upon topology activation and termination</description>
            <role>S2_ORCHESTRATED</role>
            <referencedTemplateId>ba1cfd2c-41b1-4769-b9f6-a0421517109b</referencedTemplateId>
            <visibility>PUBLIC</visibility>
            <resourceGroup>
                <name>Group1</name>
            </resourceGroup>
            <icon />
            <nestedResources>
                <orchestratedResource>
                    <id>f1525c10-d31e-477d-8f23-0485b8e4f1f8</id>
                    <type>PORT</type>
                    <name>Port1</name>
                    <description>Example port within an orchestrated resource</description>
                    <condition></condition>
                    <role>S2_ORCHESTRATED</role>
                    <visibility>PUBLIC</visibility>
                    <resourceGroup>
                        <name></name>
                    </resourceGroup>
                    <icon />
                </orchestratedResource>
            </nestedResources>
        </orchestratedResource>
        <orchestratedResource>
            <id>e722a643-c123-427d-895f-0be2897df26f</id>
            <type>DEVICE</type>
            <name>Orchestration Example 3</name>
            <description>Example that demonstrates how a parent resource, its child resource, and its port can be created and destroyed upon topology activation and termination</description>
            <role>S2_ORCHESTRATED</role>
            <referencedTemplateId>ba1cfd2c-41b1-4769-b9f6-a0421517109b</referencedTemplateId>
            <visibility>PUBLIC</visibility>
            <resourceGroup>
                <name>Group1</name>
            </resourceGroup>
            <icon />
            <nestedResources>
                <orchestratedResource>
                    <id>23a6080e-e1e3-47b9-a3cd-1494baddba23</id>
                    <type>DEVICE</type>
                    <name>Nested Resource 1</name>
                    <description>Example of an instantiated resource created under another instantiated resource</description>
                    <role>S2_ORCHESTRATED</role>
                    <referencedTemplateId>5a4a34b1-91ea-40cc-82bd-8f975603b3e0</referencedTemplateId>
                    <visibility>PUBLIC</visibility>
                    <resourceGroup>
                        <name>Group1</name>
                    </resourceGroup>
                    <icon />
                    <nestedResources>
                        <orchestratedResource>
                            <id>43e8fe96-a657-4fe5-9890-20205a4ee9ec</id>
                            <type>PORT</type>
                            <name>Port1</name>
                            <description>Example port within an orchestrated resource</description>
                            <role>S2_ORCHESTRATED</role>
                            <visibility>PUBLIC</visibility>
                            <resourceGroup>
                                <name></name>
                            </resourceGroup>
                            <icon />
                        </orchestratedResource>
                    </nestedResources>
                </orchestratedResource>
            </nestedResources>
        </orchestratedResource>
        <orchestratedResource>
            <id>1afd6a0d-561b-43ab-a2bc-ea1aebe7681a</id>
            <type>DEVICE</type>
            <name>Orchestration Example 4</name>
            <description>Example that demonstrates how an existing resource can be initialized before or after the setConfig and setFirmware methods. It also demonstrates how orchestrated resources can be instantiated under existing resources and how information can be posted to the topology during reservation activation.</description>
            <condition>template[Orchestrated Nesting Example]</condition>
            <role>S1_VELOCITY_SELECTED</role>
            <referencedTemplateId>ba1cfd2c-41b1-4769-b9f6-a0421517109b</referencedTemplateId>
            <visibility>PUBLIC</visibility>
            <resourceGroup>
                <name></name>
            </resourceGroup>
            <icon />
            <nestedResources>
                <orchestratedResource>
                    <id>076ef6e2-c7e7-49f3-a40c-aa479903c8ea</id>
                    <type>DEVICE</type>
                    <name>Nested Resource 1</name>
                    <description>Example of an instantiated resource created under a concrete resource</description>
                    <role>S2_ORCHESTRATED</role>
                    <referencedTemplateId>5a4a34b1-91ea-40cc-82bd-8f975603b3e0</referencedTemplateId>
                    <visibility>PUBLIC</visibility>
                    <resourceGroup>
                        <name>Group1</name>
                    </resourceGroup>
                    <icon />
                </orchestratedResource>
            </nestedResources>
        </orchestratedResource>
    </orchestratedResources>
    <topologies>
        <topology>
            <name>Orchestrated Example 1</name>
            <versionId>dc09d17a-e2b5-48e9-8956-de0165be72d4</versionId>
            <attachment>
                <id>8092b101-12c2-4767-84f6-014c25fce96a</id>
                <name>Orchestrated Example 1</name>
                <contentType>application/xml</contentType>
            </attachment>
        </topology>
        <topology>
            <name>Orchestrated Example 2</name>
            <versionId>22a5fdbd-6e54-4bf7-9e8b-35c1a2ea92bb</versionId>
            <attachment>
                <id>a16e8701-df22-4d99-9728-38fd273e9304</id>
                <name>Orchestrated Example 2</name>
                <contentType>application/xml</contentType>
            </attachment>
        </topology>
        <topology>
            <name>Orchestrated Example 3</name>
            <versionId>4c3db1ad-4f76-4673-8b1b-834a4782cd7e</versionId>
            <attachment>
                <id>57fe0a30-0d2d-47fe-916b-7aa0f1f10411</id>
                <name>Orchestrated Example 3</name>
                <contentType>application/xml</contentType>
            </attachment>
        </topology>
        <topology>
            <name>Orchestrated Example 4</name>
            <versionId>2d8ce2fb-0579-424b-a063-fd366d61ed0b</versionId>
            <attachment>
                <id>06b14580-0095-4302-8db7-ebb5913e0841</id>
                <name>Orchestrated Example 4</name>
                <contentType>application/xml</contentType>
            </attachment>
        </topology>
    </topologies>
</inventory>
