<?xml version='1.0' encoding='UTF-8'?>
	<inventory format-version="1.0">
		<templates>
			<template>
				<id>53c681e7-9975-44e8-93e6-33cc44554496</id>
				<revisionId>53c681e7-9975-44e8-93e6-33cc44554496</revisionId>
				<name>Calient Tap</name>
				<description></description>
				<isTemplate>true</isTemplate>
				<type>DEVICE</type>
				<interfaceType>LAYER2_SWITCH</interfaceType>
				<utilizationType>SHARED</utilizationType>
				<properties>
					<property>
						<name>username</name>
						<description></description>
						<datatype>STRING</datatype>
						<widgetType>TEXT_FIELD</widgetType>
						<required>false</required>
						<group>fb166666-64e0-4258-90d3-eaa9a8e588d9</group>
						<seqNo>1</seqNo>
						<encrypted>false</encrypted>
					</property>
					<property>
						<name>password</name>
						<description></description>
						<datatype>STRING</datatype>
						<widgetType>PASSWORD_FIELD</widgetType>
						<required>false</required>
						<group>fb166666-64e0-4258-90d3-eaa9a8e588d9</group>
						<seqNo>2</seqNo>
						<encrypted>false</encrypted>
					</property>
					<property>
						<name>calientUsername</name>
						<description></description>
						<datatype>STRING</datatype>
						<widgetType>TEXT_FIELD</widgetType>
						<required>false</required>
						<group>fb166666-64e0-4258-90d3-eaa9a8e588d9</group>
						<seqNo>3</seqNo>
						<encrypted>false</encrypted>
					</property>
					<property>
						<name>calientPassword</name>
						<description></description>
						<datatype>STRING</datatype>
						<widgetType>PASSWORD_FIELD</widgetType>
						<required>false</required>
						<group>fb166666-64e0-4258-90d3-eaa9a8e588d9</group>
						<seqNo>4</seqNo>
						<encrypted>false</encrypted>
					</property>
					</properties>
				<propertyGroups>					
				<propertyGroup>
						<id>fb166666-64e0-4258-90d3-eaa9a8e588d9</id>
						<name>Calient Specific</name>
						<seqNo>1</seqNo>
						<isHidden>false</isHidden>
					</propertyGroup>
				</propertyGroups>
			</template>			
		</templates>
	</inventory>
