<?xml version='1.0' encoding='UTF-8'?>
	<inventory format-version="1.0">
		<templates>
			<template>
				<name>Netscout Tap</name>
				<description></description>
				<isTemplate>true</isTemplate>
				<type>DEVICE</type>
				<interfaceType>LAYER2_SWITCH</interfaceType>
				<utilizationType>SHARED</utilizationType>
				<properties>
					<property>
						<name>username</name>
						<description></description>
						<datatype>STRING</datatype>
						<widgetType>TEXT_FIELD</widgetType>
						<required>false</required>
						<group>dd9d26a7-e1f0-4566-975e-a07138bef0a6</group>
						<seqNo>1</seqNo>
						<encrypted>false</encrypted>
					</property>
					<property>
						<name>password</name>
						<description></description>
						<datatype>STRING</datatype>
						<widgetType>PASSWORD_FIELD</widgetType>
						<required>false</required>
						<group>dd9d26a7-e1f0-4566-975e-a07138bef0a6</group>
						<seqNo>2</seqNo>
						<encrypted>false</encrypted>
					</property>
					<property>
						<name>Protocol</name>
						<description></description>
						<datatype>STRING</datatype>
						<widgetType>DROP_DOWN_LIST</widgetType>
						<required>false</required>
						<group>bdd9d26a7-e1f0-4566-975e-a07138bef0a6</group>
						<seqNo>3</seqNo>
						<encrypted>false</encrypted>
						<availableValues>
							<availableValue>SSH</availableValue>
							<availableValue>Telnet</availableValue>
						</availableValues>
					</property>
					<property>
						<name>SSH Port</name>
						<description></description>
						<datatype>STRING</datatype>
						<widgetType>TEXT_FIELD</widgetType>
						<value>22022</value>
						<required>false</required>
						<group>dd9d26a7-e1f0-4566-975e-a07138bef0a6</group>
						<seqNo>4</seqNo>
						<encrypted>false</encrypted>
					</property>
					<property>
						<name>Telnet Port</name>
						<description></description>
						<datatype>STRING</datatype>
						<widgetType>TEXT_FIELD</widgetType>
						<value>53058</value>
						<required>false</required>
						<group>dd9d26a7-e1f0-4566-975e-a07138bef0a6</group>
						<seqNo>5</seqNo>
						<encrypted>false</encrypted>
					</property>
				</properties>
				<propertyGroups>
					<propertyGroup>
						<id>dd9d26a7-e1f0-4566-975e-a07138bef0a6</id>
						<name>Netscout Specific</name>
						<seqNo>1</seqNo>
						<isHidden>false</isHidden>
					</propertyGroup>
				</propertyGroups>
			</template>
		</templates>
	</inventory>
