<?xml version='1.0' encoding='UTF-8'?>
	<inventory format-version="1.0">
		<drivers>
			<driver>
				<id>66789c02-22f2-11e9-ab1d-663bd873d93c</id>
				<name>Lepton 1.0.0</name>
				<description>Lepton ColdFusion Driver</description>
				<attachment>
					<id>0d6acb08-bb3a-49e3-b1f0-8703add8ddf3</id>
					<name>lepton.1.0.0</name>
					<contentType>application/zip</contentType>
				</attachment>
			</driver>
		</drivers>
		<templates>
			<template>
				<id>3e6b1aac-298b-4a1c-ac40-d7b8ca5e46e8</id>
				<revisionId>3e6b1aac-298b-4a1c-ac40-d7b8ca5e46e8</revisionId>
				<name>Lepton ColdFusion Switch</name>
				<description></description>
				<isTemplate>true</isTemplate>
				<driverId>66789c02-22f2-11e9-ab1d-663bd873d93c</driverId>
				<type>DEVICE</type>
				<interfaceType>LAYER1_SWITCH</interfaceType>
				<utilizationType>SHARED</utilizationType>
				<properties>
					<property>
						<name>Facility</name>
						<description>Example: San Jose - Site 2</description>
						<datatype>STRING</datatype>
						<widgetType>TEXT_FIELD</widgetType>
						<required>false</required>
						<group>5f4a3dd3-0bf2-4ea2-971a-c5dcc1a8bda2</group>
						<seqNo>1</seqNo>
						<encrypted>false</encrypted>
					</property>
					<property>
						<name>username</name>
						<description></description>
						<datatype>STRING</datatype>
						<widgetType>TEXT_FIELD</widgetType>
						<required>false</required>
						<group>13515b98-3980-47ab-8a38-0e6e53570dc6</group>
						<seqNo>1</seqNo>
						<encrypted>false</encrypted>
					</property>
					<property>
						<name>Room</name>
						<description>Example: Eng Lab 3</description>
						<datatype>STRING</datatype>
						<widgetType>TEXT_FIELD</widgetType>
						<required>false</required>
						<group>5f4a3dd3-0bf2-4ea2-971a-c5dcc1a8bda2</group>
						<seqNo>2</seqNo>
						<encrypted>false</encrypted>
					</property>
					<property>
						<name>ipAddress</name>
						<description>System address -- IPv4 or IPv6</description>
						<datatype>STRING</datatype>
						<widgetType>TEXT_FIELD</widgetType>
						<required>false</required>
						<group>416de98f-c6de-476d-9f5d-d12e4db7f02c</group>
						<seqNo>2</seqNo>
						<encrypted>false</encrypted>
					</property>
					<property>
						<name>password</name>
						<description></description>
						<datatype>STRING</datatype>
						<widgetType>PASSWORD_FIELD</widgetType>
						<required>false</required>
						<group>13515b98-3980-47ab-8a38-0e6e53570dc6</group>
						<seqNo>2</seqNo>
						<encrypted>false</encrypted>
					</property>
					<property>
						<name>Floor Position</name>
						<description>Example: Rack 34-Chassis 3</description>
						<datatype>STRING</datatype>
						<widgetType>TEXT_FIELD</widgetType>
						<required>false</required>
						<group>5f4a3dd3-0bf2-4ea2-971a-c5dcc1a8bda2</group>
						<seqNo>3</seqNo>
						<encrypted>false</encrypted>
					</property>
					<property>
						<name>Hostname</name>
						<description>Hostname</description>
						<datatype>STRING</datatype>
						<widgetType>TEXT_FIELD</widgetType>
						<required>false</required>
						<group>416de98f-c6de-476d-9f5d-d12e4db7f02c</group>
						<seqNo>3</seqNo>
						<encrypted>false</encrypted>
					</property>
					<property>
						<name>Make</name>
						<description>Example: Spirent</description>
						<datatype>STRING</datatype>
						<widgetType>TEXT_FIELD</widgetType>
						<required>false</required>
						<group>416de98f-c6de-476d-9f5d-d12e4db7f02c</group>
						<seqNo>5</seqNo>
						<encrypted>false</encrypted>
					</property>
					<property>
						<name>Model</name>
						<description>Example: Spirent Test Center, Avalanche, Landslide..., etc</description>
						<datatype>STRING</datatype>
						<widgetType>TEXT_FIELD</widgetType>
						<required>false</required>
						<group>416de98f-c6de-476d-9f5d-d12e4db7f02c</group>
						<seqNo>6</seqNo>
						<encrypted>false</encrypted>
					</property>
					<property>
						<name>Software Version</name>
						<description></description>
						<datatype>STRING</datatype>
						<widgetType>TEXT_FIELD</widgetType>
						<required>false</required>
						<group>416de98f-c6de-476d-9f5d-d12e4db7f02c</group>
						<seqNo>6</seqNo>
						<encrypted>false</encrypted>
					</property>
					<property>
						<name>Protocol</name>
						<description></description>
						<datatype>STRING</datatype>
						<widgetType>DROP_DOWN_LIST</widgetType>
						<required>true</required>
						<group>416de98f-c6de-476d-9f5d-d12e4db7f02c</group>
						<seqNo>7</seqNo>
						<encrypted>false</encrypted>
						<availableValues>
							<availableValue>HTTP</availableValue>
							<availableValue>HTTPS</availableValue>
						</availableValues>
					</property>
					<property>
						<name>Serial Number</name>
						<description>Example: 3D543HIH12</description>
						<datatype>STRING</datatype>
						<widgetType>TEXT_FIELD</widgetType>
						<required>false</required>
						<group>416de98f-c6de-476d-9f5d-d12e4db7f02c</group>
						<seqNo>7</seqNo>
						<encrypted>false</encrypted>
					</property>
					<property>
						<name>Port Modeling</name>
						<description></description>
						<datatype>STRING</datatype>
						<widgetType>DROP_DOWN_LIST</widgetType>
						<value>Lanes 1-4: Performance Mode</value>
						<required>true</required>
						<group>416de98f-c6de-476d-9f5d-d12e4db7f02c</group>
						<seqNo>8</seqNo>
						<encrypted>false</encrypted>
						<availableValues>
							<availableValue>Lane 1: Density Mode</availableValue>
							<availableValue>Lane 2: Density Mode</availableValue>
							<availableValue>Lane 3: Density Mode</availableValue>
							<availableValue>Lane 4: Density Mode</availableValue>
							<availableValue>Lanes 1-4: Performance Mode</availableValue>
						</availableValues>
					</property>
				</properties>
				<propertyGroups>
					<propertyGroup>
						<id>5f4a3dd3-0bf2-4ea2-971a-c5dcc1a8bda2</id>
						<name>Location Information</name>
						<seqNo>1</seqNo>
						<isHidden>false</isHidden>
					</propertyGroup>
					<propertyGroup>
						<id>13515b98-3980-47ab-8a38-0e6e53570dc6</id>
						<name>Credentials</name>
						<seqNo>2</seqNo>
						<isHidden>false</isHidden>
					</propertyGroup>
					<propertyGroup>
						<id>416de98f-c6de-476d-9f5d-d12e4db7f02c</id>
						<name>System Identification</name>
						<seqNo>3</seqNo>
						<isHidden>false</isHidden>
					</propertyGroup>
				</propertyGroups>
				<icon>
					<attachment>
						<id>74497808-fa8e-46f3-b90a-9ac679d2017f</id>
						<name>lepton.glyph.svg</name>
						<contentType>image/svg+xml</contentType>
					</attachment>
				</icon>
			</template>
		</templates>
	</inventory>
